Entity,Counterparty,Trade ID,Trade Description,Product Type,Product SubType,Trade Date,Effective Date,Maturity Date,Utilization Item Count,Denom Ccy,Report Ccy,Notional,Syndicate Participant,Syndicate Utilized Amount,Utilized Amount,Utilization %,Un-utilized Amount,Overdrawn Amount,Region,Ownership,Deal Type,Level 4,Notes,Internal,Liability/Asset,Remaining Term,Custom Field 1,Custom Field 2,Custom Field 3,Custom Field 4,Custom Field 5,Custom Field 6,Custom Field 7,Custom Field 8,Custom Field 9,Custom Field 10,Deal Type
S-GLP PTE LTD,1-S-MUFG,15256,3.8 YR CREDIT AGREEMENT DATED 26-AUG-2016: PAY USD 50.0 M MAT: 29-MAY-2020,Credit Line,Credit Line,26/8/2016,26/8/2016,31/5/2020,0,USD,USD,"50,000,000.00",,,"50,000,000.00",100,0.00,0,Singapore,GLP Listco Deals,Credit Lines,,LISTCO - BTMU USD50M Facility - Evergreen,External,Liability,Long,,,,,,,,,,,Actual
S-GLP PTE LTD,1-S-UNITED OVERSEAS BANK,10121,5.1 YR CREDIT AGREEMENT DATED 18-FEB-2015: PAY USD 200.0 M MAT: 31-MAR-2020,Credit Line,Credit Line,18/2/2015,18/2/2015,31/3/2020,0,USD,USD,"200,000,000.00",,,0,0,"200,000,000.00",0,Singapore,GLP Listco Deals,Credit Lines,,UOB USD 200M Revolving Facility Drawdown (Evergreen),External,Liability,Long,,,,,,,,,,,Actual
S-CLFONESGH,1-S-CMB-NY,9992,10.5 YR  CREDIT AGREEMENT DATED 18-JUN-2014: PAY USD  490.0 M  MAT: 31-DEC-2024 ,Credit Line,Credit Line,18/6/2014,18/6/2014,31/12/2024,27,USD,USD,"490,000,000.00",,,"227,985,000.00",46.52755102,"262,015,000.00",0,China,China Portfolio,Credit Lines,,11006 CLF One Singapore USD490 million facility,External,Liability,Long,,,,,,,,,,,Actual
S-GLP PTE LTD,1-S-CITIBANK NA - SG,10016,18.5 YR CREDIT AGREEMENT DATED 18-OCT-2010: PAY USD 2000.0 M MAT: 11-APR-2029 ,Credit Line,Credit Line,18/10/2010,18/10/2010,11/4/2029,4,USD,USD,"4,000,000,000.00",,,"1,704,914,290.29",42.62285726,"2,295,085,709.71",0,Singapore,GLP Listco Deals,Credit Lines,,S GLP CITI BOND ISSUANCE US2bn MTN Program,External,Liability,Long,,0,,,,,,,,,Actual
S-GLP PTE LTD,1-S-SUMITOMO MITSUI BKG,10027,1.9 YR  CREDIT AGREEMENT DATED 12-DEC-2013: PAY USD  200.0 M  MAT: 31-OCT-2018,Credit Line,Credit Line,12/12/2013,12/12/2013,31/10/2019,0,USD,USD,"200,000,000.00",,,0,0,"200,000,000.00",0,Singapore,GLP Listco Deals,Credit Lines,,SMBC Revolving Facility-Listco&GLP Inc/Umbrella facility as of 8Apr14/Increase limit 100mto200m on 28Apr15,External,Liability,Long,,0,,,,,,,,,Actual
S-CLFONESGH,1-S-CMB-NY,10127, 7.3 YR  CREDIT AGREEMENT DATED 18-JUN-2014: PAY USD   10.0 M  MAT: 06-OCT-2021 ,Credit Line,Credit Line,18/6/2014,18/6/2014,6/10/2021,0,USD,USD,"10,000,000.00",,,0,0,"10,000,000.00",0,China,China Portfolio,Credit Lines,,11006 CLF One Singapore USD10 million facility (Revolver),External,Liability,Long,,,,,,,,,,,Actual
C-21010-SHANGHAI SONGJIAN,3-C-BOC SHANGHAI PUDONG,10131,  10 YR  CREDIT AGREEMENT DATED 11-JAN-2010: PAY CNY   78.0 M  MAT: 13-JAN-2020 ,Credit Line,Credit Line,11/1/2010,11/1/2010,11/1/2020,1,CNY,CNY,"78,000,000.00",,,"10,000,000.00",12.82051282,"68,000,000.00",0,China,China Portfolio,Credit Lines,,21010 C-Shanghai Songjiang LF BOC 78million facility,External,Liability,Long,,,,,,,,,,,Actual
CU-23002-SHLINGADEV,3-C-EXIM SHANGHAI,10134, 6.0 YR  CREDIT AGREEMENT DATED 09-JAN-2014: PAY CNY  100.0 M  MAT: 23-DEC-2019 ,Credit Line,Credit Line,9/1/2014,9/1/2014,21/12/2019,6,CNY,CNY,"100,000,000.00",,,"44,770,427.16",44.77042716,"55,229,572.84",0,China,China Portfolio,Credit Lines,,23002 CU-Shanghai Lingang GLP Intl LDev EXIM 100million facility,External,Liability,Long,,,,,,,,,,,Actual
CU-23002-SHLINGADEV,3-C-EXIM SHANGHAI,10135, 5.8 YR  CREDIT AGREEMENT DATED 06-MAR-2014: PAY CNY  130.0 M  MAT: 23-DEC-2019 ,Credit Line,Credit Line,6/3/2014,6/3/2014,21/12/2019,6,CNY,CNY,"130,000,000.00",,,"49,248,880.00",37.88375385,"80,751,120.00",0,China,China Portfolio,Credit Lines,,23002 CU-Shanghai Lingang GLP Intl LDev EXIM 130million facility,External,Liability,Long,,,,,,,,,,,Actual
CU-23002-SHLINGADEV,3-C-EXIM SHANGHAI,10136,13.2 YR  CREDIT AGREEMENT DATED 26-SEP-2012: PAY CNY  300.0 M  MAT: 22-DEC-2025 ,Credit Line,Credit Line,26/9/2012,26/9/2012,21/12/2025,7,CNY,CNY,"300,000,000.00",,,"178,500,000.00",59.5,"121,500,000.00",0,China,China Portfolio,Credit Lines,,23002 CU-Shanghai Lingang GLP Intl LDev EXIM 300million facility,External,Liability,Long,,,,,,,,,,,Actual
CU-23002-SHLINGADEV,3-C-EXIM SHANGHAI,10137,14.0 YR  CREDIT AGREEMENT DATED 26-DEC-2011: PAY CNY  600.0 M  MAT: 22-DEC-2025 ,Credit Line,Credit Line,26/12/2011,26/12/2011,21/12/2025,5,CNY,CNY,"600,000,000.00",,,"357,000,000.00",59.5,"243,000,000.00",0,China,China Portfolio,Credit Lines,,23002 CU-Shanghai Lingang GLP Intl LDev EXIM 600million facility,External,Liability,Long,,,,,,,,,,,Actual
CU-23003-SHENZHEN,3-C-CCB SHATOUJIAO,10139, 8.0 YR  CREDIT AGREEMENT DATED 05-FEB-2013: PAY CNY  130.3 M  MAT: 04-FEB-2021 ,Credit Line,Credit Line,5/2/2013,5/2/2013,4/2/2021,8,CNY,CNY,"130,320,000.00",,,"101,820,000.00",78.13075506,"28,500,000.00",0,China,China Portfolio,Credit Lines,,23003 C-Shenzhen GLP-Yantian Port L CCB 130.32million facility,External,Liability,Long,,,,,,,,,,,Actual
CU-23003-SHENZHEN,3-C-CCB SHATOUJIAO,10140, 9.0 YR  CREDIT AGREEMENT DATED 18-JAN-2013: PAY CNY  145.5 M  MAT: 17-JAN-2022 ,Credit Line,Credit Line,18/1/2013,18/1/2013,17/1/2022,1,CNY,CNY,"145,500,000.00",,,"76,000,000.00",52.23367698,"69,500,000.00",0,China,China Portfolio,Credit Lines,,23003 C-Shenzhen GLP-Yantian Port L CCB 150million facility,External,Liability,Long,,,,,,,,,,,Actual
C-23018-XIANSCTECH,3-C-BCOM XIAN CHENGXI,10150, 7.8 YR  CREDIT AGREEMENT DATED 28-OCT-2013: PAY CNY  285.0 M  MAT: 11-AUG-2021 ,Credit Line,Credit Line,28/10/2013,28/10/2013,11/8/2021,20,CNY,CNY,"285,000,000.00",,,"140,280,458.00",49.22121333,"144,719,542.00",0,China,China Portfolio,Credit Lines,,23018 C-I-Park Xi An Science and Tech BOComm 285million facility,External,Liability,Long,,,,,,,,,,,Actual
CU-23020-DONGGHUMEN,3-C-CMB DONGGUAN HUMENGAN,10151,10.0 YR  CREDIT AGREEMENT DATED 25-DEC-2014: PAY CNY   65.0 M  MAT: 23-DEC-2024 ,Credit Line,Credit Line,25/12/2014,25/12/2014,21/12/2024,7,CNY,CNY,"65,000,000.00",,,"26,346,080.82",40.53243203,"38,653,919.18",0,China,China Portfolio,Credit Lines,,23020 CU-Dongguan Humen CMB 65million facility,External,Liability,Long,,,,,,,,,,,Actual
C-22026-CDTRANSFAR,3-C-BCOM CHENGDU PIXIAN,10152, 8.9 YR  CREDIT AGREEMENT DATED 07-FEB-2013: PAY CNY  440.0 M  MAT: 20-DEC-2021 ,Credit Line,Credit Line,7/2/2013,7/2/2013,20/12/2021,3,CNY,CNY,"440,000,000.00",,,"130,300,000.00",29.61363636,"309,700,000.00",0,China,China Portfolio,Credit Lines,,22026 C-Chengdu Transfar LB BOComm 440million facility,External,Liability,Long,,,,,,,,,,,Actual
C-22025-SZTRANSFAR,3-C-BCOM SHANGHAI HUANGPU,10153, 7.8 YR  CREDIT AGREEMENT DATED 26-NOV-2012: PAY CNY  250.0 M  MAT: 07-SEP-2020 ,Credit Line,Credit Line,26/11/2012,26/11/2012,5/9/2020,1,CNY,CNY,"250,000,000.00",,,"70,000,000.00",28,"180,000,000.00",0,China,China Portfolio,Credit Lines,,22025 C-Suzhou Transfar LB BOComm 250million facility,External,Liability,Long,,,,,,,,,,,Actual
C-22017-SUZHOU HI-TECH LF,3-C-CCB SUZHOU,10154,11.0 YR  CREDIT AGREEMENT DATED 01-JAN-2013: PAY CNY   80.0 M  MAT: 29-DEC-2023 ,Credit Line,Credit Line,1/1/2013,1/1/2013,31/12/2023,2,CNY,CNY,"80,000,000.00",,,"20,500,000.00",25.625,"59,500,000.00",0,China,China Portfolio,Credit Lines,,22017 C-Suzhou Hi-Tech LF CCB 80million facility,External,Liability,Long,,,,,,,,,,,Actual
C-22011-AIRPORT CITY DEV,3-C-ICBC TIANZU,10158, 9.8 YR  CREDIT AGREEMENT DATED 27-FEB-2013: PAY CNY 1300.0 M  MAT: 30-DEC-2022 ,Credit Line,Credit Line,27/2/2013,27/2/2013,31/12/2022,13,CNY,CNY,"1,300,000,000.00",,,"914,958,599.91",70.38143076,"385,041,400.09",0,China,China Portfolio,Credit Lines,,22011 C-Airport City Dev ICBC 1300million facility,External,Liability,Long,,,,,,,,,,,Actual
C-22001-TIANJIN DEV,3-C-BOC TIANJIN NINGHE BR,10165,10.0 YR  CREDIT AGREEMENT DATED 31-JUL-2014: PAY CNY  134.0 M  MAT: 25-JUL-2024 ,Credit Line,Credit Line,31/7/2014,31/7/2014,25/7/2024,1,CNY,CNY,"134,000,000.00",,,"99,000,000.00",73.88059701,"35,000,000.00",0,China,China Portfolio,Credit Lines,,22001 C-Tianjin Dev BOC 134million facility,External,Liability,Long,,,,,,,,,,,Actual
CLF-21114-NANNING PUGUI L,3-C-CMB GUANGZHOU DEV,10167, 9.7 YR  CREDIT AGREEMENT DATED 05-JAN-2015: PAY CNY   25.0 M  MAT: 23-SEP-2024 ,Credit Line,Credit Line,5/1/2015,5/1/2015,21/9/2024,1,CNY,CNY,"25,000,000.00",,,"16,406,250.00",65.625,"8,593,750.00",0,China,China Portfolio,Credit Lines,,21114 CLF-Nanning Pugui CMB 25million facility,External,Liability,Long,,,,,,,,,,,Actual
CLF-21113-TIANJIN PU CHEN,3-C-CMB GUANGZHOU DEV,10168, 9.7 YR  CREDIT AGREEMENT DATED 10-NOV-2014: PAY CNY   47.0 M  MAT: 29-JUL-2024 ,Credit Line,Credit Line,10/11/2014,10/11/2014,27/7/2024,5,CNY,CNY,"47,000,000.00",,,"26,101,386.92",55.53486579,"20,898,613.08",0,China,China Portfolio,Credit Lines,,21113 CLF-TIANJIN PUCHEN CMB 47million facility,External,Liability,Long,,,,,,,,,,,Actual
C-21108-DONGGUAN SHIPAI D,3-C-CMB DONGGUAN,10169, 9.9 YR  CREDIT AGREEMENT DATED 30-SEP-2014: PAY CNY  109.1 M  MAT: 26-AUG-2024 ,Credit Line,Credit Line,30/9/2014,30/9/2014,24/8/2024,23,CNY,CNY,"109,100,000.00",,,"60,775,772.26",55.70648236,"48,324,227.74",0,China,China Portfolio,Credit Lines,,21108 C-DONGGUAN SHIPAI CMB 109.1million facility,External,Liability,Long,,,,,,,,,,,Actual
C-21105-XIAMEN PULONG LF,3-C-BOC XIAMEN XIANGAN BR,10170,10.0 YR  CREDIT AGREEMENT DATED 19-DEC-2014: PAY CNY   77.0 M  MAT: 18-DEC-2024 ,Credit Line,Credit Line,19/12/2014,19/12/2014,18/12/2024,9,CNY,CNY,"77,000,000.00",,,"46,377,166.59",60.23008648,"30,622,833.41",0,China,China Portfolio,Credit Lines,,21105 C-Xiamen Pulong BOC 77million facility,External,Liability,Long,,,,,,,,,,,Actual
CLF-21095-YANGZHOU PUJIA,3-C-CMB GUANGZHOU DEV,10171, 9.5 YR  CREDIT AGREEMENT DATED 29-DEC-2014: PAY CNY   29.0 M  MAT: 21-JUN-2024 ,Credit Line,Credit Line,29/12/2014,29/12/2014,21/6/2024,4,CNY,CNY,"29,000,000.00",,,"18,125,000.00",62.5,"10,875,000.00",0,China,China Portfolio,Credit Lines,,21095 CLF-YANGZHOU PUJIA CMB 29million facility,External,Liability,Long,,,,,,,,,,,Actual
CLF-21090-WUXI PUER LF,3-C-CMB WUXI XISHAN,10172,10.0 YR  CREDIT AGREEMENT DATED 03-APR-2014: PAY CNY   55.4 M  MAT: 01-APR-2024 ,Credit Line,Credit Line,3/4/2014,3/4/2014,1/4/2024,1,CNY,CNY,"55,400,000.00",,,"34,625,000.00",62.5,"20,775,000.00",0,China,China Portfolio,Credit Lines,,21090 CLF-Wuxi Puer LF CMB 55.4million facility,External,Liability,Long,,,,,,,,,,,Actual
CLF-21087-NANJING PULONG,3-C-CMB GUANGZHOU DEV,10173, 9.7 YR  CREDIT AGREEMENT DATED 22-JAN-2015: PAY CNY   36.0 M  MAT: 21-OCT-2024 ,Credit Line,Credit Line,22/1/2015,22/1/2015,20/10/2024,3,CNY,CNY,"36,000,000.00",,,"22,948,387.75",63.74552153,"13,051,612.25",0,China,China Portfolio,Credit Lines,,21087 CLF-Nanjing Pulong LF CMB 36million facility,External,Liability,Long,,,,,,,,,,,Actual
CLF-21084-ZHANGJIAGANG WA,3-C-CMB ZHANGJIAGANG GULO,10174,10.0 YR  CREDIT AGREEMENT DATED 27-JAN-2014: PAY CNY   37.0 M  MAT: 23-JAN-2024 ,Credit Line,Credit Line,27/1/2014,27/1/2014,23/1/2024,2,CNY,CNY,"37,000,000.00",,,"21,968,750.00",59.375,"15,031,250.00",0,China,China Portfolio,Credit Lines,,21084 CLF-Zhangjiagang WA CMB 37million facility,External,Liability,Long,,,,,,,,,,,Actual
CLF-21082-BEIJING PUMA LF,3-C-CMB BEIJING GUANGHUAL,10175,11.7 YR  CREDIT AGREEMENT DATED 15-APR-2014: PAY CNY   58.1 M  MAT: 22-DEC-2025 ,Credit Line,Credit Line,15/4/2014,15/4/2014,21/12/2025,11,CNY,CNY,"58,150,000.00",,,"33,236,935.50",57.15724076,"24,913,064.50",0,China,China Portfolio,Credit Lines,,21082 CLF-BEIJING PUMA LF CMB 58.15million facility,External,Liability,Long,,,,,,,,,,,Actual
CLF-21079-NANJING PURUI L,3-C-CMB GUANGZHOU DEV,10176, 9.8 YR  CREDIT AGREEMENT DATED 07-JAN-2015: PAY CNY   14.7 M  MAT: 16-OCT-2024 ,Credit Line,Credit Line,7/1/2015,7/1/2015,16/10/2024,3,CNY,CNY,"14,700,000.00",,,"9,646,875.00",65.625,"5,053,125.00",0,China,China Portfolio,Credit Lines,,21079 CLF-Nanjing Purui LF CMB 14.7million facility,External,Liability,Long,,,,,,,,,,,Actual
CLF-21074-CHANGCHUN LF,3-C-CMB GUANGZHOU DEV,10177, 9.7 YR  CREDIT AGREEMENT DATED 23-JAN-2015: PAY CNY   21.4 M  MAT: 23-SEP-2024 ,Credit Line,Credit Line,23/1/2015,23/1/2015,21/9/2024,3,CNY,CNY,"21,400,000.00",,,"14,041,059.70",65.6124285,"7,358,940.30",0,China,China Portfolio,Credit Lines,,21074 C-Changchun CMB 21.4million facility,External,Liability,Long,,,,,,,,,,,Actual
CLF-21102-RUIAN GLP LF,3-C-CMB GUANGZHOU DEV,10266, 9.9 YR  CREDIT AGREEMENT DATED 12-FEB-2015: PAY CNY   79.0 M  MAT: 23-DEC-2024 ,Credit Line,Credit Line,12/2/2015,12/2/2015,21/12/2024,1,CNY,CNY,"79,000,000.00",,,"8,937,500.00",11.31329114,"70,062,500.00",0,China,China Portfolio,Credit Lines,,21102 CLF-Ruian GLP LF CMB 79million facility,External,Liability,Long,,,,,,,,,,,Actual
C-23027-SHAOXING PUJIAN S,3-C-BOC SHAOXING,10285, 9.9 YR  CREDIT AGREEMENT DATED 02-FEB-2015: PAY CNY  100.0 M  MAT: 31-DEC-2024 ,Credit Line,Credit Line,2/2/2015,2/2/2015,31/12/2024,3,CNY,CNY,"100,000,000.00",,,"73,479,555.00",73.479555,"26,520,445.00",0,China,China Portfolio,Credit Lines,,23027 C-Shaoxing Pujian S&T Ind BOC 100 million facility,External,Liability,Long,,,,,,,,,,,Actual
CLF-21098-XIAOGAN PUXIAO,3-C-CMB GUANGZHOU DEV,10492,  10 YR  CREDIT AGREEMENT DATED 22-SEP-2014: PAY CNY   19.7 M  MAT: 23-SEP-2024 ,Credit Line,Credit Line,22/9/2014,22/9/2014,21/9/2024,4,CNY,CNY,"19,700,000.00",,,"8,132,979.36",41.28415919,"11,567,020.64",0,China,China Portfolio,Credit Lines,,21098 C-CLF-Hubei Puxiao CMB 19.7million facility,External,Liability,Long,,,,,,,,,,,Actual
CLF-21128-DALIAN AUTO LF,3-C-CMB GUANGZHOU DEV,10527, 9.5 YR  CREDIT AGREEMENT DATED 31-MAR-2015: PAY CNY   24.8 M  MAT: 23-SEP-2024 ,Credit Line,Credit Line,31/3/2015,31/3/2015,21/9/2024,2,CNY,CNY,"24,800,000.00",,,"16,275,000.00",65.625,"8,525,000.00",0,China,China Portfolio,Credit Lines,,21128 C-CLF-Dalian Pujin CMB 24.8million facility,External,Liability,Long,,,,,,,,,,,Actual
CLF-21127-SHANGHAI APELOA,3-C-CMB GUANGZHOU DEV,10528, 9.8 YR  CREDIT AGREEMENT DATED 31-MAR-2015: PAY CNY  213.0 M  MAT: 30-DEC-2024 ,Credit Line,Credit Line,31/3/2015,31/3/2015,30/12/2024,12,CNY,CNY,"213,000,000.00",,,"65,804,735.67",30.8942421,"147,195,264.33",0,China,China Portfolio,Credit Lines,,21127 CLF-Shanghai Apeloa PR CMB 213million facility,External,Liability,Long,,,,,,,,,,,Actual
CLF-21107-GLP JINAN LOGIS,3-C-CMB GUANGZHOU DEV,10960, 9.7 YR  CREDIT AGREEMENT DATED 12-MAY-2015: PAY CNY   18.6 M  MAT: 22-JAN-2025 ,Credit Line,Credit Line,12/5/2015,12/5/2015,22/1/2025,4,CNY,CNY,"18,600,000.00",,,"11,562,524.00",62.16410753,"7,037,476.00",0,China,China Portfolio,Credit Lines,,21107-CLF-GLP Jinan LF CMB 18.6million facility,External,Liability,Long,,,,,,,,,,,Actual
CLF-21088-SHSUPCHAIN,3-C-CMB GUANGZHOU DEV,10961, 9.6 YR  CREDIT AGREEMENT DATED 20-MAY-2015: PAY CNY  187.1 M  MAT: 15-DEC-2024 ,Credit Line,Credit Line,20/5/2015,20/5/2015,15/12/2024,8,CNY,CNY,"187,100,000.00",,,"122,784,375.22",65.62500012,"64,315,624.78",0,China,China Portfolio,Credit Lines,,21088 CLF-Shanghai Intl Supply CMB 187.1million facility,External,Liability,Long,,,,,,,,,,,Actual
CLF-21106-GLP GUANGHAN LO,3-C-CMB GUANGZHOU DEV,11425,  10 YR  CREDIT AGREEMENT DATED 12-JAN-2015: PAY CNY   51.9 M  MAT: 13-JAN-2025 ,Credit Line,Credit Line,12/1/2015,12/1/2015,11/1/2025,2,CNY,CNY,"51,900,000.00",,,"35,127,078.55",67.68223227,"16,772,921.45",0,China,China Portfolio,Credit Lines,,21106 CLF-Guanghan CMB 51.9million facility,External,Liability,Long,,,,,,,,,,,Actual
C-21080-PUGAO L,3-C-BOC BAOSHAN BRANCH,11427,  10 YR  CREDIT AGREEMENT DATED 11-JUN-2015: PAY CNY  600.0 M  MAT: 11-JUN-2025 ,Credit Line,Credit Line,11/6/2015,11/6/2015,11/6/2025,1,CNY,CNY,"600,000,000.00",,,"118,000,000.00",19.66666667,"482,000,000.00",0,China,China Portfolio,Credit Lines,,21080 C-Shanghai Pugao BOC 600million facility,External,Liability,Long,,,,,,,,,,,Actual
CLF-21090-WUXI PUER LF,3-C-CMB WUXI XISHAN,11601,  10 YR  CREDIT AGREEMENT DATED 20-JUL-2015: PAY CNY   34.3 M  MAT: 21-JUL-2025 ,Credit Line,Credit Line,20/7/2015,20/7/2015,19/7/2025,3,CNY,CNY,"34,330,000.00",,,"27,356,718.82",79.6875002,"6,973,281.18",0,China,China Portfolio,Credit Lines,,21090 CLF-Wuxi Puer LF CMB 34million facility,External,Liability,Long,,,,,,,,,,,Actual
CLF-21118-PUTIAN,3-C-CMB GUANGZHOU DEV,11722, 9.7 YR  CREDIT AGREEMENT DATED 17-JUL-2015: PAY CNY   73.3 M  MAT: 31-MAR-2025 ,Credit Line,Credit Line,17/7/2015,17/7/2015,31/3/2025,10,CNY,CNY,"73,300,000.00",,,"47,139,669.15",64.31059911,"26,160,330.85",0,China,China Portfolio,Credit Lines,,21118 CLF-Putian CMB 73.3million facility,External,Liability,Long,,,,,,,,,,,Actual
CLF-21136-FOSHAN PULU,3-C-CMB GUANGZHOU DEV,11809,10.0 YR  CREDIT AGREEMENT DATED 10-APR-2015: PAY CNY   41.0 M  MAT: 09-APR-2025 ,Credit Line,Credit Line,10/4/2015,10/4/2015,9/4/2025,2,CNY,CNY,"41,000,000.00",,,"29,468,750.00",71.875,"11,531,250.00",0,China,China Portfolio,Credit Lines,,21136 CLF-FOSHAN PULU CMB 41million facility,External,Liability,Long,,,,,,,,,,,Actual
CLF-21091-TAICANG PUGANG,3-C-CMB GUANGZHOU DEV,12158, 9.3 YR  CREDIT AGREEMENT DATED 01-SEP-2015: PAY CNY   38.3 M  MAT: 21-DEC-2024 ,Credit Line,Credit Line,1/9/2015,1/9/2015,21/12/2024,2,CNY,CNY,"38,330,000.00",,,"22,591,260.00",58.93884686,"15,738,740.00",0,China,China Portfolio,Credit Lines,,21091 CLF- GLP TPDZ LF CMB 38.33million facility,External,Liability,Long,,,,,,,,,,,Actual
JU-NAGAREYAMA 1 LOGISTIC,2-J-SUMITOMO M TRUST,12171, 4.9 YR  CREDIT AGREEMENT DATED 19-OCT-2015: PAY JPY 15630.0 M  MAT: 30-SEP-2020 ,Credit Line,Credit Line,19/10/2015,19/10/2015,30/9/2020,2,JPY,JPY,"15,630,000,000.00",,,"20,440,000,000.00",130.7741523,0,"4,810,000,000.00",Japan,Japan Portfolio,Credit Lines,,Nagareyama1 - SMTB,External,Liability,Long,,,,,,,,,,,Actual
JU-NAGAREYAMA 2 LOGISTIC,2-J-SUMITOMO M TRUST,12172, 4.9 YR  CREDIT AGREEMENT DATED 19-OCT-2015: PAY JPY 10441.0 M  MAT: 30-SEP-2020 ,Credit Line,Credit Line,19/10/2015,19/10/2015,30/9/2020,0,JPY,JPY,"10,441,000,000.00",,,0,0,"10,441,000,000.00",0,Japan,Japan Portfolio,Credit Lines,,Nagareyama2 - SMTB,External,Liability,Long,,,,,,,,,,,Actual
JU-NAGAREYAMA 3 LOGISTIC,2-J-SUMITOMO M TRUST,12173, 4.9 YR  CREDIT AGREEMENT DATED 19-OCT-2015: PAY JPY 10300.0 M  MAT: 30-SEP-2020 ,Credit Line,Credit Line,19/10/2015,19/10/2015,30/9/2020,0,JPY,JPY,"10,300,000,000.00",,,0,0,"10,300,000,000.00",0,Japan,Japan Portfolio,Credit Lines,,Nagareyama3 - SMTB,External,Liability,Long,,,,,,,,,,,Actual
CU-21135-BEI JING DEMENGL,3-C-BOC BEIJING PROSPER C,12196,10.0 YR  CREDIT AGREEMENT DATED 31-AUG-2015: PAY CNY  160.0 M  MAT: 29-AUG-2025 ,Credit Line,Credit Line,31/8/2015,31/8/2015,31/8/2025,1,CNY,CNY,"160,000,000.00",,,"125,000,000.00",78.125,"35,000,000.00",0,China,China Portfolio,Credit Lines,,21135 C-BEIJING DEMENGLAN BOC 160million facility,External,Liability,Long,,,,,,,,,,,Actual
CU-23020-DONGGHUMEN,3-C-BOC TIANHE,12197,10.0 YR  CREDIT AGREEMENT DATED 24-SEP-2015: PAY CNY  115.0 M  MAT: 09-SEP-2025 ,Credit Line,Credit Line,24/9/2015,24/9/2015,9/9/2025,11,CNY,CNY,"115,000,000.00",,,"62,880,803.03",54.67895916,"52,119,196.97",0,China,China Portfolio,Credit Lines,,23020 CU-Dongguan Humen BOC 115million facility,External,Liability,Long,,,,,,,,,,,Actual
CLF-21120-GLP PUHANG SHAN,3-C-CMB GUANGZHOU DEV,12198, 9.3 YR  CREDIT AGREEMENT DATED 10-SEP-2015: PAY CNY   51.9 M  MAT: 23-DEC-2024 ,Credit Line,Credit Line,10/9/2015,10/9/2015,21/12/2024,2,CNY,CNY,"51,900,000.00",,,"35,668,333.61",68.72511293,"16,231,666.39",0,China,China Portfolio,Credit Lines,,21120 CLF-Puhang Shanxi CMB 51.9million facility,External,Liability,Long,,,,,,,,,,,Actual
JU-SUITA LOGISTIC TMK,2-J-MIZUHO TRUST & BANKIN,12338, 3.7 YR  CREDIT AGREEMENT DATED 02-NOV-2015: PAY JPY 21240.0 M  MAT: 31-JUL-2019 ,Credit Line,Credit Line,2/11/2015,2/11/2015,31/7/2019,2,JPY,JPY,"21,240,000,000.00",,,"1,250,000,000.00",5.885122411,"19,990,000,000.00",0,Japan,Japan Portfolio,Credit Lines,,Suita - MHTB,External,Liability,Long,,,,,,,,,,,Actual
CO-11010-CLF FUND II LP,3-C-SMBC,12436,4 YR CREDIT AGREEMENT DATED 21-OCT-2015: PAY USD 0.0 MAT: 21-OCT-2019 ,Credit Line,Credit Line,21/10/2015,21/10/2015,21/10/2019,0,USD,USD,"400,000,000.00",,,0,0,"400,000,000.00",0,China,China Portfolio,Credit Lines,,11010 CLF FUND II SMBC USD300 million facility,External,Liability,Long,,0,,,,,,,,,Actual
CLF-21124-TJPUNAN,3-C-CMB GUANGZHOU DEV,12552, 8.9 YR  CREDIT AGREEMENT DATED 19-OCT-2015: PAY CNY   42.3 M  MAT: 23-SEP-2024 ,Credit Line,Credit Line,19/10/2015,19/10/2015,21/9/2024,4,CNY,CNY,"42,260,000.00",,,"27,733,135.34",65.62502447,"14,526,864.66",0,China,China Portfolio,Credit Lines,,21124 CLF-Tianjin Punan CMB 42.26million facility,External,Liability,Long,,,,,,,,,,,Actual
CLF-21117-CHANGSHA PUYONG,3-C-CMB GUANGZHOU DEV,12553,10.0 YR  CREDIT AGREEMENT DATED 04-JUN-2015: PAY CNY  121.5 M  MAT: 03-JUN-2025 ,Credit Line,Credit Line,4/6/2015,4/6/2015,3/6/2025,7,CNY,CNY,"121,500,000.00",,,"51,687,117.19",42.54083719,"69,812,882.81",0,China,China Portfolio,Credit Lines,,21117 CLF-Changsha Puyong CMB 121.5million facility,External,Liability,Long,,,,,,,,,,,Actual
C-21073-ZHENGZHOU ILZ LF,3-C-BOC ZHENGZHOU AIRPORT,12554, 7.0 YR  CREDIT AGREEMENT DATED 27-OCT-2015: PAY CNY  240.0 M  MAT: 26-OCT-2022 ,Credit Line,Credit Line,27/10/2015,27/10/2015,26/10/2022,4,CNY,CNY,"240,000,000.00",,,"96,376,715.61",40.15696484,"143,623,284.39",0,China,China Portfolio,Credit Lines,,21073 C-Zhengzhou BOC 240million facility,External,Liability,Long,,,,,,,,,,,Actual
C-22032-CDDEV,3-C-CMB CHENGDU HONGZHAOB,12555, 5.9 YR  CREDIT AGREEMENT DATED 28-OCT-2015: PAY CNY   80.0 M  MAT: 16-SEP-2021 ,Credit Line,Credit Line,28/10/2015,28/10/2015,16/9/2021,6,CNY,CNY,"80,000,000.00",,,"54,919,961.82",68.64995228,"25,080,038.18",0,China,China Portfolio,Credit Lines,,22032 C-Chengdu CMB 80million facility,External,Liability,Long,,,,,,,,,,,Actual
CLF-21133-XIXIAN PUGANG,3-C-CMB GUANGZHOU DEV,12734, 9.8 YR  CREDIT AGREEMENT DATED 23-NOV-2015: PAY CNY  122.0 M  MAT: 22-SEP-2025 ,Credit Line,Credit Line,23/11/2015,23/11/2015,21/9/2025,5,CNY,CNY,"121,950,000.00",,,"68,059,432.58",55.80929281,"53,890,567.42",0,China,China Portfolio,Credit Lines,,21133 CLF-Pugang Xixian CMB 121.95million facility,External,Liability,Long,,,,,,,,,,,Actual
CLF-21083-TIANJIN PUJIN W,3-C-CMB GUANGZHOU DEV,12735, 9.9 YR  CREDIT AGREEMENT DATED 11-AUG-2015: PAY CNY   38.5 M  MAT: 23-JUN-2025 ,Credit Line,Credit Line,11/8/2015,11/8/2015,21/6/2025,5,CNY,CNY,"38,500,000.00",,,"28,875,008.00",75.00002078,"9,624,992.00",0,China,China Portfolio,Credit Lines,,21083 CLF-Tianjin Pujin CMB 38.5million facility,External,Liability,Long,,,,,,,,,,,Actual
C-22011-AIRPORT CITY DEV,3-C-ICBC TIANZU,12736, 9.9 YR  CREDIT AGREEMENT DATED 13-NOV-2015: PAY CNY 1100.0 M  MAT: 24-SEP-2025 ,Credit Line,Credit Line,13/11/2015,13/11/2015,24/9/2025,1,CNY,CNY,"1,100,000,000.00",,,"849,036,362.83",77.18512389,"250,963,637.17",0,China,China Portfolio,Credit Lines,,22011 C-Airport City Dev ICBC 1100million facility,External,Liability,Long,,,,,,,,,,,Actual
B-R-LOG331,4-B-BRADES,13418,  10 YR  CREDIT AGREEMENT DATED 24-FEB-2016: PAY BRL  300.0 M  MAT: 24-FEB-2026 ,Credit Line,Credit Line,24/2/2016,24/2/2016,24/2/2026,4,BRL,BRL,"300,000,000.00",,,"286,406,853.61",95.4689512,"13,593,146.39",0,Brazil,Brazil Portfolio,Credit Lines,,,External,Liability,Long,,,,,,,,,,,Actual
C-22043-DALIAN HUANPU DEV,3-C-CMB DALIAN BONDED SUB,13573, 7.8 YR  CREDIT AGREEMENT DATED 16-NOV-2015: PAY CNY   58.3 M  MAT: 30-AUG-2023 ,Credit Line,Credit Line,16/11/2015,16/11/2015,30/8/2023,9,CNY,CNY,"58,300,000.00",,,"21,955,098.52",37.65883108,"36,344,901.48",0,China,China Portfolio,Credit Lines,,22043 C-Dalian Huanpu CMB 58.3million facility,External,Liability,Long,,,,,,,,,,,Actual
CLF-21086-CHANGSHU PUGAO,3-C-CMB GUANGZHOU DEV,13574, 9.1 YR  CREDIT AGREEMENT DATED 03-FEB-2016: PAY CNY   18.7 M  MAT: 21-MAR-2025 ,Credit Line,Credit Line,3/2/2016,3/2/2016,21/3/2025,2,CNY,CNY,"18,730,000.00",,,"13,462,192.00",71.87502403,"5,267,808.00",0,China,China Portfolio,Credit Lines,,21086 CLF-Changshu Pugao CMB 18.7million facility,External,Liability,Long,,,,,,,,,,,Actual
CLF-21103-GLP KUNSHAN GAO,3-C-CMB GUANGZHOU DEV,13575, 9.9 YR  CREDIT AGREEMENT DATED 29-JAN-2016: PAY CNY  244.7 M  MAT: 20-DEC-2025 ,Credit Line,Credit Line,29/1/2016,29/1/2016,20/12/2025,7,CNY,CNY,"244,700,000.00",,,"100,542,727.40",41.08815995,"144,157,272.60",0,China,China Portfolio,Credit Lines,,21103 CLF-Kunshan Yushan CMB 244.7million facility,External,Liability,Long,,,,,,,,,,,Actual
CLF-21104-GLP SHAOXING LO,3-C-CMB GUANGZHOU DEV,13576,   9 YR  CREDIT AGREEMENT DATED 03-FEB-2016: PAY CNY   63.5 M  MAT: 09-FEB-2025 ,Credit Line,Credit Line,3/2/2016,3/2/2016,9/2/2025,1,CNY,CNY,"63,500,000.00",,,"11,219,522.25",17.66853898,"52,280,477.75",0,China,China Portfolio,Credit Lines,,21104 CLF-ShaoXing CMB 63.5million facility,External,Liability,Long,,,,,,,,,,,Actual
CLF-21132-QINGDAO PUHE WS,3-C-CMB GUANGZHOU DEV,13577, 9.7 YR  CREDIT AGREEMENT DATED 29-JAN-2016: PAY CNY   39.4 M  MAT: 27-OCT-2025 ,Credit Line,Credit Line,29/1/2016,29/1/2016,27/10/2025,5,CNY,CNY,"39,400,000.00",,,"28,235,601.84",71.66396406,"11,164,398.16",0,China,China Portfolio,Credit Lines,,21132 CLF-Qingdao Puhe CMB 39.4million facility,External,Liability,Long,,,,,,,,,,,Actual
C-21068-CHONGQING BANAN L,3-C-CMB JIAZHOU BRANCH,13584, 9.7 YR  CREDIT AGREEMENT DATED 10-DEC-2015: PAY CNY  250.0 M  MAT: 01-SEP-2025 ,Credit Line,Credit Line,10/12/2015,10/12/2015,1/9/2025,6,CNY,CNY,"250,000,000.00",,,"86,970,284.48",34.78811379,"163,029,715.52",0,China,China Portfolio,Credit Lines,,21068 C-CHONGQING PUNAN CMB 250million facility,External,Liability,Long,,,,,,,,,,,Actual
CLF-21136-FOSHAN PULU,3-C-CMB GUANGZHOU DEV,13586, 9.3 YR  CREDIT AGREEMENT DATED 05-JAN-2016: PAY CNY   82.0 M  MAT: 09-APR-2025 ,Credit Line,Credit Line,5/1/2016,5/1/2016,9/4/2025,4,CNY,CNY,"82,000,000.00",,,"39,512,709.58",48.1862312,"42,487,290.42",0,China,China Portfolio,Credit Lines,,21136 CLF-FOSHAN PULU CMB 82million facility,External,Liability,Long,,,,,,,,,,,Actual
C-22005-SZITIC SHENZHEN C,3-C-BOC SHENZHEN DONGBU B,13588, 3.9 YR  CREDIT AGREEMENT DATED 21-JAN-2016: PAY CNY   59.0 M  MAT: 23-DEC-2019 ,Credit Line,Credit Line,21/1/2016,21/1/2016,21/12/2019,1,CNY,CNY,"59,000,000.00",,,"9,500,000.00",16.10169492,"49,500,000.00",0,China,China Portfolio,Credit Lines,,22005 C-SZITIC Shenzhen Com Property BOC 59million facility,External,Liability,Long,,,,,,,,,,,Actual
C-21151-GLP FOSHAN PUDAN,3-C-BOC FOSHAN LUOCUN SUB,13590,10.0 YR  CREDIT AGREEMENT DATED 29-JAN-2016: PAY CNY  100.0 M  MAT: 28-JAN-2026 ,Credit Line,Credit Line,29/1/2016,29/1/2016,28/1/2026,4,CNY,CNY,"100,000,000.00",,,"81,461,000.02",81.46100002,"18,538,999.98",0,China,China Portfolio,Credit Lines,,21151 C-FOSHANPUDAN BOC 100million facility,External,Liability,Long,,,,,,,,,,,Actual
C-22018-PUZHU L,3-C-BOC SHANGHAI PUDONG,13592, 9.9 YR  CREDIT AGREEMENT DATED 02-FEB-2016: PAY CNY  150.0 M  MAT: 22-DEC-2025 ,Credit Line,Credit Line,2/2/2016,2/2/2016,20/12/2025,1,CNY,CNY,"150,000,000.00",,,"9,200,000.00",6.133333333,"140,800,000.00",0,China,China Portfolio,Credit Lines,,22018 C-Shanghai puzhu BOC 150million facility,External,Liability,Long,,,,,,,,,,,Actual
C-22005-SZITIC SHENZHEN C,3-C-BOC SHENZHEN DONGBU B,13593,  10 YR  CREDIT AGREEMENT DATED 01-FEB-2016: PAY CNY   70.1 M  MAT: 02-FEB-2026 ,Credit Line,Credit Line,1/2/2016,1/2/2016,1/2/2026,4,CNY,CNY,"70,116,000.00",,,"41,070,935.09",58.57569612,"29,045,064.91",0,China,China Portfolio,Credit Lines,,22005 C-SZITIC Shenzhen Com Property BOC 70.116million facility,External,Liability,Long,,,,,,,,,,,Actual
C-23025-SY-JINBEI,3-C-BOC SHENYANG DEVELOPM,13600,10.0 YR  CREDIT AGREEMENT DATED 01-DEC-2015: PAY CNY  350.0 M  MAT: 28-NOV-2025 ,Credit Line,Credit Line,1/12/2015,1/12/2015,30/11/2025,7,CNY,CNY,"350,000,000.00",,,"51,078,585.42",14.59388155,"298,921,414.58",0,China,China Portfolio,Credit Lines,,23025 C-Shenyang Jinbei BOC 350million facility,External,Liability,Long,,,,,,,,,,,Actual
C-23006-SUZHOU IND PARK,3-C-BOC SUZHOU,13610, 6.5 YR  CREDIT AGREEMENT DATED 10-DEC-2015: PAY CNY  107.0 M  MAT: 09-JUN-2022 ,Credit Line,Credit Line,10/12/2015,10/12/2015,9/6/2022,1,CNY,CNY,"107,000,000.00",,,"38,000,000.00",35.51401869,"69,000,000.00",0,China,China Portfolio,Credit Lines,,23006 C-Suzhou Ind Park Genway Factory De BOC 107million facility,External,Liability,Long,,,,,,,,,,,Actual
CU-23037-TCL WUXI,3-C-JSBK WUXI INDUSTRAL P,13665,15.7 YR  CREDIT AGREEMENT DATED 22-MAR-2012: PAY CNY  250.0 M  MAT: 20-DEC-2027 ,Credit Line,Credit Line,22/3/2012,22/3/2012,20/12/2027,3,CNY,CNY,"250,000,000.00",,,"161,000,000.00",64.4,"89,000,000.00",0,China,China Portfolio,Credit Lines,,23037 CU-TCL Wuxi JSBK 250million facility,External,Liability,Long,,,,,,,,,,,Actual
CU-23037-TCL WUXI,3-C-JSBK WUXI INDUSTRAL P,13666, 7.4 YR  CREDIT AGREEMENT DATED 04-JUN-2014: PAY CNY   90.0 M  MAT: 20-OCT-2021 ,Credit Line,Credit Line,4/6/2014,4/6/2014,20/10/2021,0,CNY,CNY,"90,000,000.00",,,0,0,"90,000,000.00",0,China,China Portfolio,Credit Lines,,23037 CU-TCL Wuxi JSBK 90million facility,External,Liability,Long,,,,,,,,,,,Actual
CU-23042-SHANGHAI WANZHU,3-C-CCB SHANGHAI HUANGPU,13668, 8.0 YR  CREDIT AGREEMENT DATED 26-MAY-2014: PAY CNY   44.8 M  MAT: 25-MAY-2022 ,Credit Line,Credit Line,26/5/2014,26/5/2014,25/5/2022,0,CNY,CNY,"44,830,000.00",,,0,0,"44,830,000.00",0,China,China Portfolio,Credit Lines,,23042 CU-Shanghai Wanzhu CCB 44.83million facility,External,Liability,Long,,,,,,,,,,,Actual
CU-23043-SHANGHAI WANSONG,3-C-CCB SHANGHAI HUANGPU,13669,  10 YR  CREDIT AGREEMENT DATED 24-APR-2014: PAY CNY   45.9 M  MAT: 24-APR-2024 ,Credit Line,Credit Line,24/4/2014,24/4/2014,24/4/2024,0,CNY,CNY,"45,850,000.00",,,0,0,"45,850,000.00",0,China,China Portfolio,Credit Lines,,23043 CU-Shanghai Wansong CCB 45.85million facility,External,Liability,Long,,,,,,,,,,,Actual
CU-23038-WUXI WANLIAN,3-C-CEB WUXI INDUSTRIAL P,13671,10.0 YR  CREDIT AGREEMENT DATED 08-APR-2015: PAY CNY   34.2 M  MAT: 07-APR-2025 ,Credit Line,Credit Line,8/4/2015,8/4/2015,7/4/2025,1,CNY,CNY,"34,200,000.00",,,"21,600,000.00",63.15789474,"12,600,000.00",0,China,China Portfolio,Credit Lines,,23038 CU-Wuxi Wanlian CEB 34.2million facility,External,Liability,Long,,,,,,,,,,,Actual
JU-HIRAKATA3 LOGISTIC TMK,2-J-SUMITOMO M BANKING,13701, 4.5 YR  CREDIT AGREEMENT DATED 01-MAR-2016: PAY JPY 13200.0 M  MAT: 31-AUG-2020 ,Credit Line,Credit Line,1/3/2016,1/3/2016,31/8/2020,0,JPY,JPY,"13,200,000,000.00",,,0,0,"13,200,000,000.00",0,Japan,Japan Portfolio,Credit Lines,,Hirakata3- SMBC,External,Liability,Long,,,,,,,,,,,Actual
JU-KOMAKI TWO LOGISTIC TM,2-J-SUMITOMO M TRUST,13713, 4.5 YR  CREDIT AGREEMENT DATED 04-MAR-2016: PAY JPY 4020.0 M  MAT: 31-AUG-2020 ,Credit Line,Credit Line,4/3/2016,4/3/2016,31/8/2020,0,JPY,JPY,"4,020,000,000.00",,,0,0,"4,020,000,000.00",0,Japan,Japan Portfolio,Credit Lines,,KOMAKI 2- SMTB,External,Liability,Long,,,,,,,,,,,Actual
CLF-21144-HUIZHOU PUFA,3-C-CMB GUANGZHOU DEV,13997, 9.5 YR  CREDIT AGREEMENT DATED 11-MAR-2016: PAY CNY   79.9 M  MAT: 22-SEP-2025 ,Credit Line,Credit Line,11/3/2016,11/3/2016,21/9/2025,5,CNY,CNY,"79,900,000.00",,,"40,267,791.65",50.39773673,"39,632,208.35",0,China,China Portfolio,Credit Lines,,21144 CLF-HUIZHOU PUFA CMB 79.9million facility,External,Liability,Long,,,,,,,,,,,Actual
C-22036-QUZHOUPUFA,3-C-BOC JINJIANG ANHAI SU,13998, 7.7 YR  CREDIT AGREEMENT DATED 30-MAR-2016: PAY CNY   98.0 M  MAT: 29-DEC-2023 ,Credit Line,Credit Line,30/3/2016,30/3/2016,31/12/2023,1,CNY,CNY,"98,000,000.00",,,"78,000,000.00",79.59183673,"20,000,000.00",0,China,China Portfolio,Credit Lines,,22036 C-QUZHOUPUFA BOC98million facility,External,Liability,Long,,,,,,,,,,,Actual
C-21072-ZHONGSHAN PUXI LF,3-C-CMB GUANGZHOU DEV,13999,  10 YR  CREDIT AGREEMENT DATED 04-JAN-2016: PAY CNY  115.2 M  MAT: 05-JAN-2026 ,Credit Line,Credit Line,4/1/2016,4/1/2016,3/1/2026,1,CNY,CNY,"115,200,000.00",,,"26,424,554.73",22.93798154,"88,775,445.27",0,China,China Portfolio,Credit Lines,,21072 C-Zhongshan Puxi CMB 115.2million facility,External,Liability,Long,,,,,,,,,,,Actual
CLF-21096-GLP HUZHOU LF,3-C-CMB GUANGZHOU DEV,14025,10.0 YR  CREDIT AGREEMENT DATED 10-FEB-2015: PAY CNY   63.5 M  MAT: 09-FEB-2025 ,Credit Line,Credit Line,10/2/2015,10/2/2015,9/2/2025,1,CNY,CNY,"63,500,000.00",,,"16,175,693.32",25.47353279,"47,324,306.68",0,China,China Portfolio,Credit Lines,,21096 CLF-Huzhou LF CMB 63.5million facility,External,Liability,Long,,,,,,,,,,,Actual
CLF-21109-GLP CHANGSHU PU,3-C-CMB GUANGZHOU DEV,14287,10.5 YR  CREDIT AGREEMENT DATED 01-APR-2015: PAY CNY   41.7 M  MAT: 21-SEP-2025 ,Credit Line,Credit Line,1/4/2015,1/4/2015,21/9/2025,1,CNY,CNY,"41,670,000.00",,,"15,537,245.14",37.28640542,"26,132,754.86",0,China,China Portfolio,Credit Lines,,21109 CLF-Changshu Pujiang CMB 41.67million facility,External,Liability,Long,,,,,,,,,,,Actual
C-22044-BUFFALO JINAN WL,3-C-BCOM QINGDAO LAOSHAN,14288, 5.5 YR  CREDIT AGREEMENT DATED 28-APR-2016: PAY CNY   84.0 M  MAT: 21-OCT-2021 ,Credit Line,Credit Line,28/4/2016,28/4/2016,21/10/2021,2,CNY,CNY,"84,000,000.00",,,"28,846,671.65",34.34127577,"55,153,328.35",0,China,China Portfolio,Credit Lines,,22044 C-Buffalo Jinan BOComm 84million facility,External,Liability,Long,,,,,,,,,,,Actual
CLF-21082-BEIJING PUMA LF,3-C-CMB BEIJING GUANGHUAL,14426,10.0 YR  CREDIT AGREEMENT DATED 21-APR-2016: PAY CNY   47.2 M  MAT: 20-APR-2026 ,Credit Line,Credit Line,21/4/2016,21/4/2016,20/4/2026,4,CNY,CNY,"47,200,000.00",,,"21,640,644.45",45.84882299,"25,559,355.55",0,China,China Portfolio,Credit Lines,,21082 CLF-BEIJING PUMA LF CMB 47.2million facility,External,Liability,Long,,,,,,,,,,,Actual
CLF-21139-CHONGZHOU,3-C-CMB GUANGZHOU DEV,14427,10.0 YR  CREDIT AGREEMENT DATED 21-JAN-2016: PAY CNY  126.6 M  MAT: 20-JAN-2026 ,Credit Line,Credit Line,21/1/2016,21/1/2016,20/1/2026,2,CNY,CNY,"126,600,000.00",,,"31,948,070.80",25.23544297,"94,651,929.20",0,China,China Portfolio,Credit Lines,,21139 CLF-Chongzhou CMB 126.6million facility,External,Liability,Long,,,,,,,,,,,Actual
C-22042-TIANJIN TRANSFAR,3-C-ICBC TIANJIN,14562, 9.6 YR  CREDIT AGREEMENT DATED 12-MAY-2016: PAY CNY  185.0 M  MAT: 12-DEC-2025 ,Credit Line,Credit Line,12/5/2016,12/5/2016,12/12/2025,5,CNY,CNY,"185,000,000.00",,,"69,215,000.00",37.41351351,"115,785,000.00",0,China,China Portfolio,Credit Lines,,22042 C-Tianjin Transfar LB ICBC 185million facility,External,Liability,Long,,,,,,,,,,,Actual
C-22046-ZHENGZHOU PUCHUAN,3-C-BOC ZHENGZHOU AIRPORT,14563,   7 YR  CREDIT AGREEMENT DATED 26-MAY-2016: PAY CNY   55.0 M  MAT: 26-MAY-2023 ,Credit Line,Credit Line,26/5/2016,26/5/2016,26/5/2023,2,CNY,CNY,"55,000,000.00",,,"14,571,541.14",26.49371116,"40,428,458.86",0,China,China Portfolio,Credit Lines,,22046 C-Zhengzhou Puchuan LB BOC 55million facility,External,Liability,Long,,,,,,,,,,,Actual
CU-23031-GLP YIWU LF,3-C-BCOM YIWU,14564, 9.6 YR  CREDIT AGREEMENT DATED 27-MAY-2016: PAY CNY  210.0 M  MAT: 31-DEC-2025 ,Credit Line,Credit Line,27/5/2016,27/5/2016,31/12/2025,2,CNY,CNY,"210,000,000.00",,,"122,400,000.00",58.28571429,"87,600,000.00",0,China,China Portfolio,Credit Lines,,23031 CU- Yiwu Pujie BOComm 210million facility,External,Liability,Long,,,,,,,,,,,Actual
CO-11401-GLP CHINA HOLDIN,3-C-SHANGHAI STOCK EXCHAN,14794,5 YR CREDIT AGREEMENT DATED 13-JUL-2016: PAY CNY 0.0 MAT: 13-JUL-2021 ,Credit Line,Credit Line,13/7/2016,13/7/2016,13/7/2021,2,CNY,CNY,"1,500,000,000.00",,,"1,500,000,000.00",100,0,0,China,China Portfolio,Credit Lines,,SSE Panda Bond,External,Liability,Long,,,,,,,,,,,Actual
C-21137-CHANGSHA PUXIA,3-C-BCOM HUNAN BRANCH,14811, 9.5 YR  CREDIT AGREEMENT DATED 07-JUN-2016: PAY CNY   69.4 M  MAT: 20-DEC-2025 ,Credit Line,Credit Line,7/6/2016,7/6/2016,20/12/2025,1,CNY,CNY,"69,400,000.00",,,"31,500,000.00",45.38904899,"37,900,000.00",0,China,China Portfolio,Credit Lines,,21137 C-Changsha Puxia BOComm 69.4million facility,External,Liability,Long,,,,,,,,,,,Actual
CLF-21115-ZHAOQING HIGH-T,3-C-CMB GUANGZHOU DEV,14812, 9.8 YR  CREDIT AGREEMENT DATED 21-JUN-2016: PAY CNY  111.6 M  MAT: 21-MAR-2026 ,Credit Line,Credit Line,21/6/2016,21/6/2016,21/3/2026,2,CNY,CNY,"111,600,000.00",,,"24,489,960.19",21.94440877,"87,110,039.81",0,China,China Portfolio,Credit Lines,,21115 CLF-Zhaoqing CMB 111.6million facility,External,Liability,Long,,,,,,,,,,,Actual
C-21173-GLP I PARK WUXI S,3-C-BOC WUXI NEW ZONE,14838, 9.5 YR  CREDIT AGREEMENT DATED 24-JUN-2016: PAY CNY  600.0 M  MAT: 31-DEC-2025 ,Credit Line,Credit Line,24/6/2016,24/6/2016,31/12/2025,1,CNY,CNY,"600,000,000.00",,,"158,107,577.10",26.35126285,"441,892,422.90",0,China,China Portfolio,Credit Lines,,21173 C-Wuxi Puxin BOC 600million facility,External,Liability,Long,,,,,,,,,,,Actual
CLF-21121-TIANJING PUNING,3-C-CMB GUANGZHOU DEV,15028, 9.2 YR  CREDIT AGREEMENT DATED 01-JUL-2016: PAY CNY   69.5 M  MAT: 21-SEP-2025 ,Credit Line,Credit Line,1/7/2016,1/7/2016,21/9/2025,1,CNY,CNY,"69,530,000.00",,,"3,996,171.38",5.747405983,"65,533,828.62",0,China,China Portfolio,Credit Lines,,21121 CLF-Tianjin Puning CMB 69.53million facility,External,Liability,Long,,,,,,,,,,,Actual
S-GLP PTE LTD,CO-11401-GLP CHINA HOLDIN,15029,5.9 YR CREDIT AGREEMENT DATED 29-JUL-2015: PAY USD 0.0 MAT: 20-JUN-2021 ,Credit Line,Credit Line,29/7/2015,29/7/2015,20/6/2021,0,USD,USD,"800,546,981.11",,,0,0,"800,546,981.11",0,Singapore,GLP Listco Deals,Credit Lines,,"IPT TRACKING YR1 Include Repayments: OS principal amt: USD$307,700,759.29 $48M repaid in Sep30, 2016 $69,453,018.89 repaid on Mar28, 2017 $60M repaid on Aug4, 2017 $30M repaid on Aug4, 2017 $40M repaid on Aug22, 2017 $96,941,738.52 repaid on 16 Apr 2018 $50M repaid on 25 Jul 2018 $30M repaid on 25 Jul 2018 $30M repaid on 25 Jul 2018 $20M repaid on 25 Jul 2018 $20M repaid on 25 Jul 2018 $38,913,818.02 repaid on 25 Jul 2018",Internal,Liability,Long,,0,,,,,,,,,Actual
S-GLP PTE LTD,CO-11401-GLP CHINA HOLDIN,15041,   5 YR  CREDIT AGREEMENT DATED 23-NOV-2015: PAY USD  310.5 M  MAT: 23-NOV-2020 ,Credit Line,Credit Line,23/11/2015,23/11/2015,23/11/2020,1,USD,USD,"310,549,313.36",,,"310,549,313.36",100,0,0,Singapore,GLP Listco Deals,Credit Lines,,CMSTD,Internal,Liability,Long,,,,,,,,,,,Actual
C-21143-TIANJIN GIP INDUS,3-C-BOC TIANJIN BEICHEN,15201, 9.9 YR  CREDIT AGREEMENT DATED 18-JUL-2016: PAY CNY  162.0 M  MAT: 27-JUN-2026 ,Credit Line,Credit Line,18/7/2016,18/7/2016,27/6/2026,2,CNY,CNY,"162,000,000.00",,,"39,994,143.00",24.68774259,"122,005,857.00",0,China,China Portfolio,Credit Lines,,21143 C-GLP Tianjin BOC 162million facility,External,Liability,Long,,,,,,,,,,,Actual
CU-23042-SHANGHAI WANZHU,3-C-BOS LUWAN,15202,   3 YR  CREDIT AGREEMENT DATED 30-JUN-2016: PAY CNY   44.0 M  MAT: 30-JUN-2019 ,Credit Line,Credit Line,30/6/2016,30/6/2016,30/6/2019,2,CNY,CNY,"44,000,000.00",,,"31,750,000.00",72.15909091,"12,250,000.00",0,China,China Portfolio,Credit Lines,,23042 CU-Shanghai Wanzhu BOS 44million facility,External,Liability,Long,,,,,,,,,,,Actual
CU-23043-SHANGHAI WANSONG,3-C-BOS LUWAN,15204,   3 YR  CREDIT AGREEMENT DATED 30-JUN-2016: PAY CNY   46.0 M  MAT: 30-JUN-2019 ,Credit Line,Credit Line,30/6/2016,30/6/2016,30/6/2019,2,CNY,CNY,"46,000,000.00",,,"33,750,000.00",73.36956522,"12,250,000.00",0,China,China Portfolio,Credit Lines,,23043 CU-Shanghai Wansong BOS 46million facility,External,Liability,Long,,,,,,,,,,,Actual
S-GLP PTE LTD,CO-11401-GLP CHINA HOLDIN,15254,5.9 YR CREDIT AGREEMENT DATED 29-JUL-2016: PAY USD 0.0 MAT: 03-JUL-2022 ,Credit Line,Credit Line,29/7/2016,29/7/2016,3/7/2022,7,USD,USD,"960,000,000.00",,,"425,000,000.00",44.27083333,"535,000,000.00",0,Singapore,GLP Listco Deals,Credit Lines,,"IPT TRACKING YEAR 2 Including Repayments:  Outstanding principal amount is: USD$80,893,052.61  $20M repayment on Aug 4, 2017 $20M repayment on Aug 4, 2017 $50M repayment on Feb 23, 2018 $50M repayment on Feb 23, 2018 $19,960,002.19 repayment on Feb 23, 2018 $100M repayment on Apr 16, 2018 $100M repayment on Apr 16, 2018 $57,360,260.13 repayment on Apr 16, 2018 $29,195,057.80 repayment on Apr 16, 2018 $95,527,619.70 repayment on Apr 16, 2018 $49,575,924.99 repayment on Apr 16, 2018 $99,862,196.70 repayment on Apr 16, 2018 $10M repayment on May 11, 2018 $20M repayment on May 11, 2018 $65M repayment on May 11, 2018 $30M repayment on May 11, 2018 $40M repayment on May 11, 2018 $20M repayment on May 11, 2018 $37,589,217.99 repayment on May 11, 2018 $5,036,667.89 repaid on 25 Jul 2018",Internal,Liability,Long,,0,,,,,,,,,Actual
JU-KOBE NISHI LOGISTIC TM,2-J-MIZUHO TRUST & BANKIN,15639, 3.1 YR  CREDIT AGREEMENT DATED 01-SEP-2016: PAY JPY 6300.0 M  MAT: 30-SEP-2019 ,Credit Line,Credit Line,1/9/2016,1/9/2016,30/9/2019,0,JPY,JPY,"6,300,000,000.00",,,0,0,"6,300,000,000.00",0,Japan,Japan Portfolio,Credit Lines,,Kobe Nishi2- MHTB,External,Liability,Long,,,,,,,,,,,Actual
CLF-21125-SHENYANG PUSHEN,3-C-CMB GUANGZHOU DEV,15753,  10 YR  CREDIT AGREEMENT DATED 21-MAR-2016: PAY CNY  118.1 M  MAT: 21-MAR-2026 ,Credit Line,Credit Line,21/3/2016,21/3/2016,21/3/2026,1,CNY,CNY,"118,100,000.00",,,"28,228,841.55",23.90249073,"89,871,158.45",0,China,China Portfolio,Credit Lines,,21125 CLF-Shenyang Pusheng CMB 118.1million facility,External,Liability,Long,,,,,,,,,,,Actual
C-21161-TANGSHAN,3-C-BOC TANGSHAN BRANCH,15754,12.0 YR  CREDIT AGREEMENT DATED 09-SEP-2016: PAY CNY  109.5 M  MAT: 08-SEP-2028 ,Credit Line,Credit Line,9/9/2016,9/9/2016,8/9/2028,1,CNY,CNY,"109,500,000.00",,,"21,700,000.00",19.8173516,"87,800,000.00",0,China,China Portfolio,Credit Lines,,21161 C-Tangshan BOC 109.5million facility,External,Liability,Long,,,,,,,,,,,Actual
C-21158-HAINING GLP LF,3-C-BOC HAI NING,15757, 8.4 YR  CREDIT AGREEMENT DATED 03-AUG-2016: PAY CNY  104.5 M  MAT: 31-DEC-2024 ,Credit Line,Credit Line,3/8/2016,3/8/2016,31/12/2024,1,CNY,CNY,"104,500,000.00",,,"20,199,753.20",19.32990737,"84,300,246.80",0,China,China Portfolio,Credit Lines,,21158 C-Haining BOC 104.5million facility,External,Liability,Long,,,,,,,,,,,Actual
CLF-21100-JIANGYIN LF,3-C-CMB GUANGZHOU DEV,15759, 9.1 YR  CREDIT AGREEMENT DATED 10-AUG-2016: PAY CNY  133.5 M  MAT: 21-SEP-2025 ,Credit Line,Credit Line,10/8/2016,10/8/2016,21/9/2025,1,CNY,CNY,"133,500,000.00",,,"5,309,907.15",3.977458539,"128,190,092.85",0,China,China Portfolio,Credit Lines,,21100 CLF-Jiang Yin CMB 133.5million facility,External,Liability,Long,,,,,,,,,,,Actual
C-22056-MINSHANG (CHANGSH,3-C-BCOM CHANGSHU,15823, 9.3 YR  CREDIT AGREEMENT DATED 22-SEP-2016: PAY CNY   60.0 M  MAT: 27-DEC-2025 ,Credit Line,Credit Line,22/9/2016,22/9/2016,27/12/2025,1,CNY,CNY,"60,000,000.00",,,"19,837,978.55",33.06329758,"40,162,021.45",0,China,China Portfolio,Credit Lines,,22056 C-Minshang Changhsu BOComm 60million facility,External,Liability,Long,,,,,,,,,,,Actual
J-SAGAMIHARA2 LOGISTIC TM,2-J-SUMITOMO M BANKING,16235, 4.0 YR  CREDIT AGREEMENT DATED 21-DEC-2016: PAY JPY 6200.0 M  MAT: 30-DEC-2020 ,Credit Line,Credit Line,14/12/2016,21/12/2016,31/12/2020,0,JPY,JPY,"6,200,000,000.00",,,0,0,"6,200,000,000.00",0,Japan,Japan Portfolio,Credit Lines,,SAGAMIHARA1- SMBC,External,Liability,Long,,,,,,,,,,,Actual
J-SAGAMIHARA3 LOGISTIC TM,2-J-SUMITOMO M BANKING,16236, 4.0 YR  CREDIT AGREEMENT DATED 21-DEC-2016: PAY JPY 4400.0 M  MAT: 30-DEC-2020 ,Credit Line,Credit Line,14/12/2016,21/12/2016,31/12/2020,0,JPY,JPY,"4,400,000,000.00",,,0,0,"4,400,000,000.00",0,Japan,Japan Portfolio,Credit Lines,,SAGAMIHARA3- SMBC,External,Liability,Long,,,,,,,,,,,Actual
J-SAGAMIHARA4 LOGISTIC TM,2-J-SUMITOMO M BANKING,16255, 4.0 YR  CREDIT AGREEMENT DATED 21-DEC-2016: PAY JPY 1900.0 M  MAT: 30-DEC-2020 ,Credit Line,Credit Line,16/12/2016,21/12/2016,31/12/2020,0,JPY,JPY,"1,900,000,000.00",,,0,0,"1,900,000,000.00",0,Japan,Japan Portfolio,Credit Lines,,SAGAMIHARA4- SMBC,External,Liability,Long,,,,,,,,,,,Actual
J-SAGAMIHARA5 LOGISTIC TM,2-J-SUMITOMO M BANKING,16256, 4.0 YR  CREDIT AGREEMENT DATED 21-DEC-2016: PAY JPY 1900.0 M  MAT: 30-DEC-2020 ,Credit Line,Credit Line,16/12/2016,21/12/2016,31/12/2020,0,JPY,JPY,"1,900,000,000.00",,,0,0,"1,900,000,000.00",0,Japan,Japan Portfolio,Credit Lines,,SAGAMIHARA5- SMBC,External,Liability,Long,,,,,,,,,,,Actual
JU-NEYAGAWA LOGISTIC TMK,2-J-SUMITOMO M TRUST,17513, 2.3 YR  CREDIT AGREEMENT DATED 30-JUN-2017: PAY JPY 3516.0 M  MAT: 30-SEP-2019 ,Credit Line,Credit Line,26/6/2017,30/6/2017,30/9/2019,0,JPY,JPY,"3,516,000,000.00",,,0,0,"3,516,000,000.00",0,Japan,Japan Portfolio,Credit Lines,,Neyagawa - SMTB,External,Liability,Long,,,,,,,,,,,Actual
S-GLP PTE LTD,CO-11401-GLP CHINA HOLDIN,17857,6.0 YR CREDIT AGREEMENT DATED 29-JUL-2017: PAY USD 0.0 MAT: 17-JUL-2023 ,Credit Line,Credit Line,29/7/2017,29/7/2017,17/7/2023,9,USD,USD,"1,000,000,000.00",,,"276,607,014.67",27.66070147,"723,392,985.33",0,Singapore,GLP Listco Deals,Credit Lines,,"IPT TRACKING YEAR 3 Include Repayments: OS principal amt:USD$251,080,379 $100M repayment on Feb 12, 2018 $24,266,292.00 repayment on Feb 23, 2018  $44,142,062.19  repayment on Feb 23, 2018 $5,402,732.34 repayment on Apr 16, 2018 $2,715,548.71 repayment on May 11, 2018 $10M repayment on May 11, 2018 $50M repayment on June 26, 2018 $100M repayment on Jul 25, 2018",Internal,Liability,Long,,0,,,,,,,,,Actual
S-GLP PTE LTD,1-S-MIZUHO BANK LTD - SG,18757,2.9 YR CREDIT AGREEMENT DATED 30-NOV-2017: PAY EUR 0.0 MAT: 18-NOV-2020,Credit Line,Credit Line,4/12/2017,30/11/2017,18/11/2020,1,EUR,EUR,"400,000,000.00",,,"222,503,320.69",55.62583017,"177,496,679.31",0,Singapore,GLP Listco Deals,Credit Lines,,"Fitch / Moody's / S&P Rating Margin (% p.a.) Higher than or equal to BBB-/Baa3/BBB- 1.10 Lower than BBB-/Baa3/BBB- 1.50 However: (a) if the Long-Term Ratings assigned by Fitch, Moody's and S&P differ, the Margin will be determined on the basis of the lowest rating; (b) if there is only one Long-Term Rating, the Margin will be determined on the basis of that rating; and (c) if there is no current Long-Term Rating, the Margin will be 1.50 per cent. per annum.",External,Liability,Long,,0,,,,,,,,,Actual
S-GLP BIDCO LIMITED,1-S-CITICORP INTERNATIONA,18975,5 YR CREDIT AGREEMENT DATED 11-JAN-2018: PAY USD 750M MAT: 11-JAN-2023,Credit Line,Credit Line,11/1/2018,11/1/2018,11/1/2023,2,USD,USD,"750,000,000.00",,,"751,448,303.99",100.1931072,0,"1,448,303.99",Singapore,GLP Listco Deals,Credit Lines,,5 years term loan  upfront fee 1.75% commitment fee 0.30%,External,Liability,Long,,0,,,,,,,,,Actual
S-GLP BIDCO LIMITED,1-S-CITICORP INTERNATIONA,18976,3 YR CREDIT AGREEMENT DATED 11-JAN-2018: PAY USD 750M MAT: 11-JAN-2021,Credit Line,Credit Line,11/1/2018,11/1/2018,11/1/2021,2,USD,USD,"750,000,000.00",,,"752,171,037.40",100.2894717,0,"2,171,037.40",Singapore,GLP Listco Deals,Credit Lines,,3 years term loan upfront fee 0.90% Commitment fee 0.30%,External,Liability,Long,,0,,,,,,,,,Actual
S-GLP BIDCO LIMITED,1-S-CITICORP INTERNATIONA,18977,2 YR CREDIT AGREEMENT DATED 11-JAN-2018: PAY USD 2.108B MAT: 13-JAN-2020,Credit Line,Credit Line,11/1/2018,11/1/2018,11/1/2020,0,USD,USD,"2,108,000,000.00",,,0,0,"2,108,000,000.00",0,Singapore,GLP Listco Deals,Credit Lines,,2 years term loan upfront fee 0.50% commitment fee 0.30%,External,Liability,Long,,0,,,,,,,,,Actual
S-GLP BIDCO LIMITED,1-S-CITICORP INTERNATIONA,19064,5 YR CREDIT AGREEMENT DATED 11-JAN-2018: PAY USD 500.0M MAT: 11-JAN-2023,Credit Line,Credit Line,11/1/2018,11/1/2018,11/1/2023,0,USD,USD,"500,000,000.00",,,0,0,"500,000,000.00",0,Singapore,GLP Listco Deals,Credit Lines,,5 Year Committed RCF,External,Liability,Long,,0,,,,,,,,,Actual
JU-GLP ROKKO3 TMK,2-J-SUMITOMO M TRUST,19644,3 YR CREDIT AGREEMENT DATED 29-MAR-2018: PAY JPY 0.0 MAT: 29-MAR-2021 ,Credit Line,Credit Line,27/3/2018,29/3/2018,29/3/2021,0,JPY,JPY,"3,571,000,000.00",,,0,0,"3,571,000,000.00",0,Japan,Japan Portfolio,Credit Lines,,Rokko3 - SMTB,External,Liability,Long,,"0,00000000",,,,,,,,,Actual
JU-GLP YACHIYO2 TMK,2-J-SUMITOMO M BANKING,20422,"3.3 YR CREDIT AGREEMENT DATED 29-JUN-2018: PAY JPY 5,860.0 M MAT: 29-SEP-2021",Credit Line,Credit Line,25/6/2018,29/6/2018,29/9/2021,0,JPY,JPY,"5,860,000,000.00",,,0,0,"5,860,000,000.00",0,Japan,Japan Portfolio,Credit Lines,,Yachiyo2 - SMBC,External,Liability,Long,,0,,,,,,,,,Actual
JU-NAGAREYAMA 4 LOGISTIC,2-J-MIZUHO BANK LTD,20427,6.0 YR CREDIT AGREEMENT DATED 29-JUN-2018: PAY JPY 0.0 MAT: 28-JUN-2024 ,Credit Line,Credit Line,27/6/2018,29/6/2018,28/6/2024,0,JPY,JPY,"34,270,000,000.00",,,0,0,"34,270,000,000.00",0,Japan,Japan Portfolio,Credit Lines,,Nagareyama4 - MHBK,External,Liability,Long,,"0,00000000",,,,,,,,,Actual
S-GLP PTE LTD,1-S-MIZUHO BANK LTD - SG,20860,7.0 YR CREDIT AGREEMENT DATED 13-SEP-2018: PAY JPY 0.0 MAT: 12-SEP-2025 ,Credit Line,Credit Line,7/9/2018,13/9/2018,12/9/2025,1,JPY,JPY,"45,000,000,000.00",,,"45,000,000,000.00",100,0,0,Singapore,GLP Listco Deals,Credit Lines,,,External,Liability,Long,,0,,,,,,,,,Actual
S-GLP PTE LTD,1-S-MIZUHO BANK LTD - SG,20861,5 YR CREDIT AGREEMENT DATED 13-SEP-2018: PAY JPY 0.0 MAT: 13-SEP-2023 ,Credit Line,Credit Line,7/9/2018,13/9/2018,13/9/2023,1,JPY,JPY,"15,000,000,000.00",,,"15,000,000,000.00",100,0,0,Singapore,GLP Listco Deals,Credit Lines,,,External,Liability,Long,,0,,,,,,,,,Actual
JU-GLP YACHIYO3 TMK,2-J-SUMITOMO M TRUST,20927,4 YR CREDIT AGREEMENT DATED 28-SEP-2018: PAY JPY 0.0 MAT: 28-SEP-2022 ,Credit Line,Credit Line,25/9/2018,28/9/2018,28/9/2022,0,JPY,JPY,"6,920,000,000.00",,,0,0,"6,920,000,000.00",0,Japan,Japan Portfolio,Credit Lines,,,External,Liability,Long,,"0,00000000",,,,,,,,,Actual
S-GLP PTE LTD,1-S-ING BANK N.V- SG,21160,   1 YR  CREDIT AGREEMENT DATED 30-OCT-2018: PAY USD   85.0 M  MAT: 30-OCT-2019 ,Credit Line,Credit Line,10/10/2018,30/10/2018,30/10/2019,2,USD,USD,"85,000,000.00",,,"80,928,800.00",95.21035294,"4,071,200.00",0,Singapore,GLP Listco Deals,Credit Lines,,,External,Liability,Long,,0,,,,,,,,,Actual
J-GLP CAPITAL GK,2-J-MIZUHO BANK LTD,21168, 3.0 YR  CREDIT AGREEMENT DATED 19-OCT-2018: PAY JPY 23607.0 M  MAT: 18-OCT-2021 ,Credit Line,Credit Line,19/10/2018,19/10/2018,18/10/2021,1,JPY,JPY,"23,607,000,000.00",,,"23,607,000,000.00",100,0,0,Japan,Japan Portfolio,Credit Lines,,,External,Liability,Long,,"0,00000000",,,,,,,,,Actual
S-GLP PTE LTD,1-S-ABN AMRO N.V - SG,21647,   2 YR  CREDIT AGREEMENT DATED 25-JAN-2019: PAY USD  200.0 M  MAT: 25-JAN-2021 ,Credit Line,Credit Line,25/1/2019,25/1/2019,25/1/2021,0,USD,USD,"200,000,000.00",,,0,0,"200,000,000.00",0,Singapore,GLP Listco Deals,Credit Lines,,,External,Liability,Long,,0,,,,,,,,,Actual
J-KITAMOTO,2-J-MIZUHO BANK LTD,22026,3.8 YR CREDIT AGREEMENT DATED 29-MAR-2019: PAY JPY 6420.0 M MAT: 31-JAN-2023 ,Credit Line,Credit Line,28/3/2019,29/3/2019,31/1/2023,0,JPY,JPY,"6,420,000,000.00",,,0,0,"6,420,000,000.00",0,Japan,Japan Portfolio,Credit Lines,,,External,Liability,Long,,0,,,,,,,,,Actual
C-20000-CMC CHINA,3-C-SHANGHAI STOCK EXCHAN,22046,17.8 YR  CREDIT AGREEMENT DATED 11-OCT-2018: PAY CNY 5000.0 M  MAT: 12-JUL-2036 ,Credit Line,Credit Line,11/10/2018,11/10/2018,12/7/2036,2,CNY,CNY,"5,000,000,000.00",,,"3,003,000,000.00",60.06,"1,997,000,000.00",0,China,China Portfolio,Credit Lines,,,External,Liability,Long,,0,,,,,,,,,Actual
S-GLP PTE LTD,1-S-ING BANK N.V- SG,22139,3 YR CREDIT AGREEMENT DATED 13-MAY-2019: PAY USD 40.0 M MAT: 13-MAY-2022 ,Credit Line,Credit Line,13/5/2019,13/5/2019,13/5/2022,1,USD,USD,"40,000,000.00",,,"35,800,000.00",89.5,"4,200,000.00",0,Singapore,GLP Listco Deals,Credit Lines,,For REC Jundia III,External,Liability,Long,,0,,,,,,,,,Actual
